{
	"parent": "minecraft:item/handheld",
	"textures": {
		"layer0": "item/changsum"
	},
	"display": {
		"thirdperson_righthand": {
			"scale": [1.4, 1.4, 0],
			"translation": [0, 8, 3],
			"rotation": [0, -90, 45]
		},
		"thirdperson_lefthand": {
			"scale": [1.4, 1.4, 0],
			"translation": [0, 8, 3],
			"rotation": [0, 90, -45]
		},
		"firstperson_righthand": {
			"scale": [1.2, 1.2, 0],
			"translation": [3, 8, 0],
			"rotation": [-20, -90, 45]
		},
		"firstperson_lefthand": {
			"scale": [1.2, 1.2, 0],
			"translation": [3, 8, 0],
			"rotation": [-20, 90, -45]
		}
	}
}