{
	"parent": "minecraft:item/handheld",
	"textures": {
		"layer0": "item/ipgabit"
	},
	"display": {
		"thirdperson_righthand": {
			"scale": [2, 2, 0],
			"translation": [0, 5, 3],
			"rotation": [20, -90, 45]
		},
		"thirdperson_lefthand": {
			"scale": [2, 2, 0],
			"translation": [0, 5, 3],
			"rotation": [20, 90, -45]
		},
		"firstperson_righthand": {
			"scale": [2.5, 2.5, 0],
			"translation": [3, 5, 0],
			"rotation": [-10, -90, 45]
		},
		"firstperson_lefthand": {
			"scale": [2.5, 2.5, 0],
			"translation": [3, 5, 0],
			"rotation": [-10, 90, -45]
		}
	}
}