{
	"parent": "minecraft:item/handheld",
	"textures": {
		"layer0": "item/parrying"
	},
	"display": {
		"thirdperson_righthand": {
			"scale": [0.7, 0.7, 1],
			"translation": [-3, 2, 3],
			"rotation": [60, -30, 90]
		},
		"thirdperson_lefthand": {
			"scale": [0.7, 0.7, 1],
			"translation": [-3, 2, 3],
			"rotation": [60, -30, 0]
		},
		"firstperson_righthand": {
			"scale": [1.25, 1.25, 0],
			"translation": [-4, 1.5, -2],
			"rotation": [0, 0, 120]
		},
		"firstperson_lefthand": {
			"scale": [1.25, 1.25, 0],
			"translation": [-4, 1.5, -2],
			"rotation": [0, 0, 30]
		}
	}
}