{
	"parent": "minecraft:item/handheld",
	"textures": {
		"layer0": "item/yecho"
	},
	"display": {
		"thirdperson_righthand": {
			"scale": [3, 4, 0],
			"translation": [0, 4, 3],
			"rotation": [20, -90, 45]
		},
		"thirdperson_lefthand": {
			"scale": [3, 4, 0],
			"translation": [0, 4, 3],
			"rotation": [20, 90, -45]
		},
		"firstperson_righthand": {
			"scale": [2, 2, 0],
			"translation": [3, 2, 0],
			"rotation": [-20, -90, 45]
		},
		"firstperson_lefthand": {
			"scale": [2, 2, 0],
			"translation": [3, 2, 0],
			"rotation": [-20, 90, -45]
		}
	}
}