{
    "parent": "item/generated",
    "textures": {
        "layer0": "item/yaksu"
    },
    "display": {
        "thirdperson_righthand": {
            "rotation": [ -80, 260, -40 ],
            "translation": [ -1, -2, 2.5 ],
            "scale": [ 0.9, 0.9, 0.4 ]
        },
        "thirdperson_lefthand": {
            "rotation": [ -80, -280, 40 ],
            "translation": [ -1, -2, 2.5 ],
            "scale": [ 0.9, 0.9, 0.4 ]
        },
        "firstperson_righthand": {
            "rotation": [ 0, -90, 20 ],
            "translation": [ 1.13, 5, 1.13],
            "scale": [ 0.8, 0.8, 0.4 ]
        },
        "firstperson_lefthand": {
            "rotation": [ 0, 90, -20 ],
            "translation": [ 1.13, 5, 1.13],
            "scale": [ 0.8, 0.8, 0.4 ]
        }
    }
}
