{
	"parent": "minecraft:item/handheld",
	"textures": {
		"layer0": "item/changsum"
	},
	"display": {
		"thirdperson_righthand": {
			"rotation": [3, 3, 1]
		},
		"thirdperson_lefthand": {
			"rotation": [3, 3, 1]
		},
		"firstperson_righthand": {
			"rotation": [3, 3, 1]
		},
		"firstperson_lefthand": {
			"rotation": [3, 3, 1]
		},
		"gui": {
			"rotation": [3, 3, 1]
		},
		"head": {
			"rotation": [3, 3, 1]
		},
		"ground": {
			"rotation": [3, 3, 1]
		},
		"fixed": {
			"rotation": [3, 3, 1]
		}
	}
}
